trade_date,ts_code,trade_date,open,high,low,close,pre_close,change,pct_chg,vol,amount
2022-01-04,600600.SH,20220104,99.0,100.06,96.32,99.66,99.0,0.66,0.6667,52000.69,510503.557
2022-01-05,600600.SH,20220105,99.04,103.0,98.51,101.0,99.66,1.34,1.3446,54844.53,555944.11
2022-01-06,600600.SH,20220106,100.58,101.59,96.5,97.87,101.0,-3.13,-3.099,53852.87,530817.949
2022-01-07,600600.SH,20220107,97.29,98.66,96.5,96.7,97.87,-1.17,-1.1955,30609.71,298125.383
2022-01-10,600600.SH,20220110,95.66,95.88,91.37,95.14,96.7,-1.56,-1.6132,116609.21,1092109.406
2022-01-11,600600.SH,20220111,94.81,94.81,89.5,89.92,95.14,-5.22,-5.4867,104720.01,949621.802
2022-01-12,600600.SH,20220112,89.92,91.27,88.08,90.74,89.92,0.82,0.9119,83571.31,751774.463
2022-01-13,600600.SH,20220113,90.11,91.38,88.77,89.23,90.74,-1.51,-1.6641,43696.4,392523.462
2022-01-14,600600.SH,20220114,88.2,91.8,88.2,90.23,89.23,1.0,1.1207,76943.71,698592.855
2022-01-17,600600.SH,20220117,91.0,91.0,88.63,89.18,90.23,-1.05,-1.1637,46714.63,416637.463
2022-01-18,600600.SH,20220118,89.13,90.31,88.48,89.45,89.18,0.27,0.3028,48129.54,430608.25
2022-01-19,600600.SH,20220119,89.0,89.8,87.03,88.71,89.45,-0.74,-0.8273,42616.36,375902.965
2022-01-20,600600.SH,20220120,89.25,91.53,88.72,90.94,88.71,2.23,2.5138,60907.79,550560.117
2022-01-21,600600.SH,20220121,91.22,95.63,90.18,93.13,90.94,2.19,2.4082,80151.34,749633.048
2022-01-24,600600.SH,20220124,92.75,96.38,92.07,95.36,93.13,2.23,2.3945,68335.22,649341.551
2022-01-25,600600.SH,20220125,95.36,96.12,93.51,94.0,95.36,-1.36,-1.4262,37461.35,354641.476
2022-01-26,600600.SH,20220126,93.66,95.15,92.47,93.98,94.0,-0.02,-0.0213,33589.35,314958.204
2022-01-27,600600.SH,20220127,93.84,94.3,92.33,92.97,93.98,-1.01,-1.0747,23616.2,220479.89
2022-01-28,600600.SH,20220128,93.18,95.66,91.5,92.21,92.97,-0.76,-0.8175,32340.33,302819.242
2022-02-07,600600.SH,20220207,92.93,95.5,90.88,91.64,92.21,-0.57,-0.6182,44433.87,412104.852
2022-02-08,600600.SH,20220208,91.64,91.75,88.36,89.58,91.64,-2.06,-2.2479,47803.81,426836.901
2022-02-09,600600.SH,20220209,89.2,92.84,89.13,91.27,89.58,1.69,1.8866,60543.19,550669.444
2022-02-10,600600.SH,20220210,91.2,91.2,88.21,89.5,91.27,-1.77,-1.9393,71075.72,632487.196
2022-02-11,600600.SH,20220211,89.0,91.68,88.78,90.01,89.5,0.51,0.5698,42010.12,380305.819
2022-02-14,600600.SH,20220214,90.09,95.11,90.01,94.89,90.01,4.88,5.4216,86567.4,810424.708
2022-02-15,600600.SH,20220215,94.3,96.95,94.28,95.63,94.89,0.74,0.7799,48857.16,466523.64
2022-02-16,600600.SH,20220216,95.63,97.49,94.74,96.61,95.63,0.98,1.0248,39809.71,384141.368
2022-02-17,600600.SH,20220217,97.5,97.5,95.26,96.39,96.61,-0.22,-0.2277,31959.23,307917.647
2022-02-18,600600.SH,20220218,95.88,97.52,94.6,96.3,96.39,-0.09,-0.0934,29747.03,286156.229
2022-02-21,600600.SH,20220221,97.01,97.2,94.55,95.22,96.3,-1.08,-1.1215,23663.97,225577.086
2022-02-22,600600.SH,20220222,95.0,95.43,93.46,95.0,95.22,-0.22,-0.231,23238.01,219440.992
2022-02-23,600600.SH,20220223,94.65,95.5,92.7,94.6,95.0,-0.4,-0.4211,27011.78,254473.186
2022-02-24,600600.SH,20220224,94.09,94.89,92.06,93.2,94.6,-1.4,-1.4799,35182.47,327433.144
2022-02-25,600600.SH,20220225,93.12,93.88,92.54,93.59,93.2,0.39,0.4185,27969.25,261068.687
2022-02-28,600600.SH,20220228,92.71,93.97,92.57,93.79,93.59,0.2,0.2137,31834.72,297078.741
2022-03-01,600600.SH,20220301,96.96,103.17,96.6,101.58,93.79,7.79,8.3058,130207.52,1319036.626
2022-03-02,600600.SH,20220302,100.58,101.2,97.81,99.49,101.58,-2.09,-2.0575,74540.01,741057.014
2022-03-03,600600.SH,20220303,99.5,101.19,98.01,99.29,99.49,-0.2,-0.201,55817.65,555510.33
2022-03-04,600600.SH,20220304,98.13,99.89,97.35,98.02,99.29,-1.27,-1.2791,50404.63,496703.882
2022-03-07,600600.SH,20220307,96.75,96.75,90.91,91.3,98.02,-6.72,-6.8557,88313.87,814872.905
2022-03-08,600600.SH,20220308,91.3,93.5,89.59,90.51,91.3,-0.79,-0.8653,58534.97,536746.515
2022-03-09,600600.SH,20220309,90.57,91.2,84.8,88.84,90.51,-1.67,-1.8451,78616.68,692626.814
2022-03-10,600600.SH,20220310,90.5,94.88,89.26,94.3,88.84,5.46,6.1459,96164.79,895430.581
2022-03-11,600600.SH,20220311,92.8,94.25,90.45,92.96,94.3,-1.34,-1.421,50569.15,466041.48
2022-03-14,600600.SH,20220314,90.0,91.0,85.85,86.0,92.96,-6.96,-7.4871,93027.84,810321.324
2022-03-15,600600.SH,20220315,85.0,85.0,81.0,82.39,86.0,-3.61,-4.1977,70644.58,584810.448
2022-03-16,600600.SH,20220316,84.3,87.0,82.7,86.42,82.39,4.03,4.8914,66340.04,563874.036
2022-03-17,600600.SH,20220317,87.82,88.59,85.13,86.72,86.42,0.3,0.3471,65993.39,574619.625
2022-03-18,600600.SH,20220318,86.07,86.68,84.8,85.89,86.72,-0.83,-0.9571,64658.35,555004.814
2022-03-21,600600.SH,20220321,85.25,86.21,84.18,86.0,85.89,0.11,0.1281,51577.53,438567.357
2022-03-22,600600.SH,20220322,85.07,85.6,83.5,84.05,86.0,-1.95,-2.2674,59003.7,496780.408
2022-03-23,600600.SH,20220323,84.12,85.01,82.81,84.52,84.05,0.47,0.5592,53188.06,447196.799
2022-03-24,600600.SH,20220324,83.9,83.9,81.81,82.34,84.52,-2.18,-2.5793,65464.71,538142.171
2022-03-25,600600.SH,20220325,82.09,82.2,79.37,80.09,82.34,-2.25,-2.7326,75548.8,608680.641
2022-03-28,600600.SH,20220328,78.8,79.33,76.4,78.0,80.09,-2.09,-2.6096,79481.83,617061.466
2022-03-29,600600.SH,20220329,78.35,79.23,76.05,76.4,78.0,-1.6,-2.0513,77733.3,599063.605
2022-03-30,600600.SH,20220330,76.8,80.36,76.7,79.58,76.4,3.18,4.1623,115866.82,910133.876
2022-03-31,600600.SH,20220331,78.93,79.7,78.2,79.01,79.58,-0.57,-0.7163,51051.45,402574.739
2022-04-01,600600.SH,20220401,78.37,82.4,78.06,81.7,79.01,2.69,3.4046,100474.16,816398.881
2022-04-06,600600.SH,20220406,80.9,80.9,79.13,79.73,81.7,-1.97,-2.4113,84094.32,670730.144
2022-04-07,600600.SH,20220407,80.01,80.95,78.3,78.71,79.73,-1.02,-1.2793,57559.33,456474.571
2022-04-08,600600.SH,20220408,78.26,79.1,77.26,77.8,78.71,-0.91,-1.1561,46631.27,363188.363
2022-04-11,600600.SH,20220411,77.29,77.31,73.0,73.66,77.8,-4.14,-5.3213,99496.59,737151.696
2022-04-12,600600.SH,20220412,73.6,81.03,73.21,80.68,73.66,7.02,9.5303,132222.72,1024204.707
2022-04-13,600600.SH,20220413,79.3,83.68,77.75,81.78,80.68,1.1,1.3634,160520.89,1307382.616
2022-04-14,600600.SH,20220414,82.3,86.36,82.3,84.93,81.78,3.15,3.8518,123644.39,1051743.238
2022-04-15,600600.SH,20220415,83.49,86.3,83.01,84.07,84.93,-0.86,-1.0126,81901.96,692673.556
2022-04-18,600600.SH,20220418,83.3,84.72,82.0,84.44,84.07,0.37,0.4401,54414.38,455156.845
2022-04-19,600600.SH,20220419,84.54,85.95,83.81,84.55,84.44,0.11,0.1303,45744.58,385855.722
2022-04-20,600600.SH,20220420,84.0,88.0,82.5,85.78,84.55,1.23,1.4548,84412.02,722166.076
2022-04-21,600600.SH,20220421,85.06,85.9,82.98,83.98,85.78,-1.8,-2.0984,60105.66,506054.804
2022-04-22,600600.SH,20220422,83.28,84.95,82.1,84.68,83.98,0.7,0.8335,48336.58,406464.057
2022-04-25,600600.SH,20220425,82.8,84.26,79.99,81.4,84.68,-3.28,-3.8734,83353.93,683487.12
2022-04-26,600600.SH,20220426,81.61,84.4,81.52,82.57,81.4,1.17,1.4373,77154.83,639837.98
2022-04-27,600600.SH,20220427,82.0,84.1,80.75,83.69,82.57,1.12,1.3564,70865.34,586015.839
2022-04-28,600600.SH,20220428,82.5,85.15,82.21,82.9,83.69,-0.79,-0.944,62249.69,518840.719
2022-04-29,600600.SH,20220429,83.48,87.5,83.48,86.3,82.9,3.4,4.1013,135489.95,1165322.794
2022-05-05,600600.SH,20220505,87.0,87.86,85.28,86.24,86.3,-0.06,-0.0695,78024.48,674062.525
2022-05-06,600600.SH,20220506,84.6,84.6,80.5,81.0,86.24,-5.24,-6.0761,99311.12,811701.177
2022-05-09,600600.SH,20220509,78.68,80.85,76.6,79.7,81.0,-1.3,-1.6049,56117.4,444524.556
2022-05-10,600600.SH,20220510,78.0,82.85,77.5,82.43,79.7,2.73,3.4253,76301.77,616261.54
2022-05-11,600600.SH,20220511,82.44,86.92,82.43,84.9,82.43,2.47,2.9965,110313.28,944747.328
2022-05-12,600600.SH,20220512,84.1,87.11,84.1,85.6,84.9,0.7,0.8245,56874.91,488633.737
2022-05-13,600600.SH,20220513,85.59,86.5,84.6,85.11,85.6,-0.49,-0.5724,35551.91,302728.483
2022-05-16,600600.SH,20220516,86.3,88.5,84.5,85.76,85.11,0.65,0.7637,62331.11,538359.243
2022-05-17,600600.SH,20220517,85.97,86.5,85.03,85.99,85.76,0.23,0.2682,33434.9,287206.14
2022-05-18,600600.SH,20220518,85.99,86.18,84.5,84.85,85.99,-1.14,-1.3257,40400.19,343456.02
2022-05-19,600600.SH,20220519,83.4,85.36,83.0,83.9,84.85,-0.95,-1.1196,37018.14,310530.833
2022-05-20,600600.SH,20220520,84.46,86.89,83.96,85.97,83.9,2.07,2.4672,68282.09,587493.472
2022-05-23,600600.SH,20220523,86.22,86.24,84.39,85.37,85.97,-0.6,-0.6979,49795.45,424636.022
2022-05-24,600600.SH,20220524,85.4,85.72,83.81,84.04,85.37,-1.33,-1.5579,42077.46,355569.228
2022-05-25,600600.SH,20220525,83.86,84.74,83.6,84.03,84.04,-0.01,-0.0119,41151.54,345495.3
2022-05-26,600600.SH,20220526,84.6,87.1,83.38,86.02,84.03,1.99,2.3682,74856.18,640186.837
2022-05-27,600600.SH,20220527,86.38,87.1,84.7,85.18,86.02,-0.84,-0.9765,50970.54,438268.381
2022-05-30,600600.SH,20220530,88.6,93.7,88.6,90.9,85.18,5.72,6.7152,160272.56,1470394.922
2022-05-31,600600.SH,20220531,91.0,93.5,90.37,92.75,90.9,1.85,2.0352,109556.21,1014980.271
2022-06-01,600600.SH,20220601,91.9,93.3,90.86,91.62,92.75,-1.13,-1.2183,69221.6,634534.506
2022-06-02,600600.SH,20220602,90.12,91.3,89.49,89.95,91.62,-1.67,-1.8227,55602.07,501422.18
2022-06-06,600600.SH,20220606,90.55,93.65,88.77,93.0,89.95,3.05,3.3908,77518.11,713891.808
2022-06-07,600600.SH,20220607,92.9,94.5,91.23,93.06,93.0,0.06,0.0645,64436.2,599018.575
2022-06-08,600600.SH,20220608,92.5,95.8,92.06,94.46,93.06,1.4,1.5044,71883.17,676382.314
2022-06-09,600600.SH,20220609,94.0,94.5,91.46,92.0,94.46,-2.46,-2.6043,50502.74,467761.349
2022-06-10,600600.SH,20220610,91.5,92.1,90.03,92.1,92.0,0.1,0.1087,51769.28,472773.011
2022-06-13,600600.SH,20220613,91.0,91.5,88.31,90.55,92.1,-1.55,-1.683,85215.6,764475.584
2022-06-14,600600.SH,20220614,89.0,93.0,88.88,91.95,90.55,1.4,1.5461,64610.31,589919.536
2022-06-15,600600.SH,20220615,91.82,92.88,90.41,91.54,91.95,-0.41,-0.4459,80034.5,733729.459
2022-06-16,600600.SH,20220616,91.6,92.65,89.01,90.15,91.54,-1.39,-1.5185,73476.02,665215.139
2022-06-17,600600.SH,20220617,89.19,91.95,89.07,91.56,90.15,1.41,1.5641,65681.22,598605.775
2022-06-20,600600.SH,20220620,92.14,95.0,92.14,93.98,91.56,2.42,2.6431,84963.34,796222.719
2022-06-21,600600.SH,20220621,94.0,95.21,92.38,93.8,93.98,-0.18,-0.1915,57950.46,543839.979
2022-06-22,600600.SH,20220622,93.8,94.9,92.83,92.87,93.8,-0.93,-0.9915,43034.11,402484.433
2022-06-23,600600.SH,20220623,92.87,93.5,92.26,93.27,92.87,0.4,0.4307,46850.44,435749.86
2022-06-24,600600.SH,20220624,93.3,97.0,93.0,95.59,93.27,2.32,2.4874,74703.83,707381.385
2022-06-27,600600.SH,20220627,97.0,101.9,97.0,99.65,95.59,4.06,4.2473,102070.43,1016757.854
2022-06-28,600600.SH,20220628,98.8,101.06,97.0,100.0,99.65,0.35,0.3512,60452.06,597073.698
2022-06-29,600600.SH,20220629,99.88,103.98,99.7,102.29,100.0,2.29,2.29,89780.08,916879.976
2022-06-30,600600.SH,20220630,103.0,107.37,103.0,103.92,102.29,1.63,1.5935,89773.93,941861.003
2022-07-01,600600.SH,20220701,103.38,104.49,101.0,102.58,103.92,-1.34,-1.2895,44830.04,459807.025
2022-07-04,600600.SH,20220704,101.58,104.88,101.35,104.17,102.58,1.59,1.55,47831.59,496259.477
2022-07-05,600600.SH,20220705,104.17,104.49,99.0,101.52,104.17,-2.65,-2.5439,69828.9,704275.193
2022-07-06,600600.SH,20220706,100.68,101.2,97.0,98.18,101.52,-3.34,-3.29,72921.47,719158.922
2022-07-07,600600.SH,20220707,98.0,99.8,95.04,98.93,98.18,0.75,0.7639,60905.91,594177.488
2022-07-08,600600.SH,20220708,98.92,99.86,98.0,98.72,98.93,-0.21,-0.2123,31510.35,311439.015
2022-07-11,600600.SH,20220711,97.0,98.0,95.61,96.69,98.72,-2.03,-2.0563,43573.24,419821.154
2022-07-12,600600.SH,20220712,96.5,97.25,95.11,95.67,96.69,-1.02,-1.0549,27790.6,266723.465
2022-07-13,600600.SH,20220713,95.98,98.88,95.8,96.89,95.67,1.22,1.2752,57803.68,562653.069
2022-07-14,600600.SH,20220714,96.42,96.82,94.4,96.0,96.89,-0.89,-0.9186,51331.53,491721.313
2022-07-15,600600.SH,20220715,95.85,99.98,95.4,96.84,96.0,0.84,0.875,56292.72,552926.516
2022-07-18,600600.SH,20220718,96.84,97.5,92.66,96.32,96.84,-0.52,-0.537,66047.81,629404.594
2022-07-19,600600.SH,20220719,94.71,95.98,93.26,95.11,95.22,-0.11,-0.1155,44109.48,416518.505
2022-07-20,600600.SH,20220720,95.2,97.2,94.58,95.56,95.11,0.45,0.4731,42872.8,411138.817
2022-07-21,600600.SH,20220721,94.5,97.76,94.5,97.01,95.56,1.45,1.5174,60475.31,586249.376
2022-07-22,600600.SH,20220722,97.01,97.49,95.7,96.21,97.01,-0.8,-0.8247,35997.21,346988.215
2022-07-25,600600.SH,20220725,95.3,101.0,94.0,100.19,96.21,3.98,4.1368,82790.54,819050.501
2022-07-26,600600.SH,20220726,99.97,102.5,99.52,100.49,100.19,0.3,0.2994,46579.65,469445.972
2022-07-27,600600.SH,20220727,101.52,103.87,99.9,100.0,100.49,-0.49,-0.4876,42182.33,426971.484
2022-07-28,600600.SH,20220728,100.1,102.99,98.66,100.48,100.0,0.48,0.48,47829.36,483630.368
2022-07-29,600600.SH,20220729,100.09,100.48,98.02,98.51,100.48,-1.97,-1.9606,70879.47,701333.994
2022-08-01,600600.SH,20220801,100.0,108.36,99.25,108.06,98.51,9.55,9.6944,157062.85,1674145.982
2022-08-02,600600.SH,20220802,107.43,108.92,105.8,106.28,108.06,-1.78,-1.6472,72443.19,776067.702
2022-08-03,600600.SH,20220803,106.18,106.99,102.5,102.97,106.28,-3.31,-3.1144,54493.07,567777.01
2022-08-04,600600.SH,20220804,103.88,104.13,101.76,103.58,102.97,0.61,0.5924,43476.21,447457.091
2022-08-05,600600.SH,20220805,103.5,105.18,102.8,103.04,103.58,-0.54,-0.5213,44076.84,456740.285
2022-08-08,600600.SH,20220808,101.02,105.85,100.12,103.99,103.04,0.95,0.922,64926.45,674306.501
2022-08-09,600600.SH,20220809,104.02,110.0,103.12,109.5,103.99,5.51,5.2986,66661.68,712374.162
2022-08-10,600600.SH,20220810,109.3,109.3,103.53,105.04,109.5,-4.46,-4.0731,69395.72,732630.496
2022-08-11,600600.SH,20220811,105.1,106.96,102.77,106.48,105.04,1.44,1.3709,42801.06,449922.53
2022-08-12,600600.SH,20220812,105.99,106.88,103.67,104.5,106.48,-1.98,-1.8595,29932.42,312710.781
2022-08-15,600600.SH,20220815,103.66,105.13,103.0,103.66,104.5,-0.84,-0.8038,27754.99,287850.325
2022-08-16,600600.SH,20220816,103.67,104.0,101.88,102.96,103.66,-0.7,-0.6753,31983.02,328686.566
2022-08-17,600600.SH,20220817,102.5,106.0,100.2,104.72,102.96,1.76,1.7094,49825.03,517077.447
2022-08-18,600600.SH,20220818,104.44,106.6,103.72,104.97,104.72,0.25,0.2387,49004.5,516108.473
2022-08-19,600600.SH,20220819,104.96,106.6,103.1,103.52,104.97,-1.45,-1.3813,26381.84,275250.826
2022-08-22,600600.SH,20220822,103.36,104.47,101.8,102.97,103.52,-0.55,-0.5313,28483.0,293711.908
2022-08-23,600600.SH,20220823,102.19,102.79,99.99,100.57,102.97,-2.4,-2.3308,49819.21,502102.043
2022-08-24,600600.SH,20220824,100.13,100.49,98.5,98.97,100.57,-1.6,-1.5909,36177.46,359329.48
2022-08-25,600600.SH,20220825,99.0,102.0,98.98,100.52,98.97,1.55,1.5661,37514.88,376888.57
2022-08-26,600600.SH,20220826,104.0,110.2,104.0,108.0,100.52,7.48,7.4413,144819.65,1556687.503
2022-08-29,600600.SH,20220829,107.96,109.5,105.43,108.5,108.0,0.5,0.463,66879.55,719472.598
2022-08-30,600600.SH,20220830,108.39,110.32,107.0,108.48,108.5,-0.02,-0.0184,52310.97,566640.223
2022-08-31,600600.SH,20220831,107.69,109.65,107.33,108.0,108.48,-0.48,-0.4425,41334.16,448735.348
2022-09-01,600600.SH,20220901,107.35,107.99,105.6,105.97,108.0,-2.03,-1.8796,46414.32,494734.648
2022-09-02,600600.SH,20220902,105.7,106.5,101.05,102.0,105.97,-3.97,-3.7463,68604.8,705449.486
2022-09-05,600600.SH,20220905,101.8,101.8,97.0,99.0,102.0,-3.0,-2.9412,79682.59,785745.762
2022-09-06,600600.SH,20220906,99.09,100.33,96.89,98.67,99.0,-0.33,-0.3333,56322.75,552975.41
2022-09-07,600600.SH,20220907,98.51,98.6,96.82,97.29,98.67,-1.38,-1.3986,47799.5,465465.475
2022-09-08,600600.SH,20220908,97.99,98.87,97.0,97.2,97.29,-0.09,-0.0925,42167.61,411477.791
2022-09-09,600600.SH,20220909,97.22,97.53,96.0,96.67,97.2,-0.53,-0.5453,44806.26,433555.231
2022-09-13,600600.SH,20220913,97.27,101.15,96.85,100.05,96.67,3.38,3.4964,75735.59,753519.105
2022-09-14,600600.SH,20220914,98.52,101.0,98.3,100.25,100.05,0.2,0.1999,40835.46,407879.836
2022-09-15,600600.SH,20220915,99.79,104.55,99.79,102.29,100.25,2.04,2.0349,57712.72,592374.453
2022-09-16,600600.SH,20220916,101.58,104.0,100.25,101.12,102.29,-1.17,-1.1438,43687.57,444426.411
2022-09-19,600600.SH,20220919,101.57,102.5,98.5,101.9,101.12,0.78,0.7714,56378.06,571902.74
2022-09-20,600600.SH,20220920,102.39,103.2,100.13,102.4,101.9,0.5,0.4907,30663.3,312055.75
2022-09-21,600600.SH,20220921,102.06,103.92,101.16,101.88,102.4,-0.52,-0.5078,37872.98,387694.056
2022-09-22,600600.SH,20220922,101.44,101.44,98.63,99.94,101.88,-1.94,-1.9042,46289.98,461881.975
2022-09-23,600600.SH,20220923,100.37,103.78,100.08,102.3,99.94,2.36,2.3614,59391.75,605491.795
2022-09-26,600600.SH,20220926,101.0,105.5,101.0,103.85,102.3,1.55,1.5152,49122.61,511521.719
2022-09-27,600600.SH,20220927,104.14,107.04,102.22,106.95,103.85,3.1,2.9851,67674.3,711708.25
2022-09-28,600600.SH,20220928,106.22,107.8,105.4,106.08,106.95,-0.87,-0.8135,39408.63,419569.705
2022-09-29,600600.SH,20220929,106.97,107.97,104.21,105.25,106.08,-0.83,-0.7824,49333.46,520543.497
2022-09-30,600600.SH,20220930,105.56,108.3,105.25,106.2,105.25,0.95,0.9026,53362.77,568027.932
2022-10-10,600600.SH,20221010,106.0,106.0,102.0,102.46,106.2,-3.74,-3.5217,59067.6,612836.619
2022-10-11,600600.SH,20221011,102.56,104.98,101.89,104.06,102.46,1.6,1.5616,41332.02,428823.374
2022-10-12,600600.SH,20221012,104.0,104.5,100.3,103.77,104.06,-0.29,-0.2787,51656.17,526539.543
2022-10-13,600600.SH,20221013,103.76,103.76,100.0,100.52,103.77,-3.25,-3.1319,47279.85,477852.345
2022-10-14,600600.SH,20221014,101.05,104.44,100.4,103.26,100.52,2.74,2.7258,49032.83,506337.535
2022-10-17,600600.SH,20221017,102.5,103.29,100.3,101.2,103.26,-2.06,-1.995,39535.06,399907.086
2022-10-18,600600.SH,20221018,101.56,102.48,98.9,99.44,101.2,-1.76,-1.7391,46889.94,469466.441
2022-10-19,600600.SH,20221019,99.7,99.7,96.67,97.38,99.44,-2.06,-2.0716,60045.69,585456.021
2022-10-20,600600.SH,20221020,97.4,99.0,95.28,96.96,97.38,-0.42,-0.4313,44387.05,429413.583
2022-10-21,600600.SH,20221021,96.98,97.3,94.7,96.67,96.96,-0.29,-0.2991,42090.33,404148.83
2022-10-24,600600.SH,20221024,96.36,96.36,92.2,92.4,96.67,-4.27,-4.4171,44759.32,418562.615
2022-10-25,600600.SH,20221025,91.01,93.88,90.38,93.3,92.4,0.9,0.974,45734.95,424207.132
2022-10-26,600600.SH,20221026,94.09,96.0,92.7,94.79,93.3,1.49,1.597,51046.91,484371.56
2022-10-27,600600.SH,20221027,92.8,92.8,86.0,86.5,94.79,-8.29,-8.7456,131942.79,1161755.575
2022-10-28,600600.SH,20221028,86.0,86.76,83.73,84.4,86.5,-2.1,-2.4277,77675.99,660516.575
2022-10-31,600600.SH,20221031,84.03,84.03,80.88,81.8,84.4,-2.6,-3.0806,96346.23,788180.053
2022-11-01,600600.SH,20221101,82.03,87.84,82.03,87.83,81.8,6.03,7.3716,106641.14,915330.289
2022-11-02,600600.SH,20221102,87.55,95.38,86.97,93.41,87.83,5.58,6.3532,121606.38,1117731.387
2022-11-03,600600.SH,20221103,92.08,92.75,90.7,92.11,93.41,-1.3,-1.3917,55290.66,507941.884
2022-11-04,600600.SH,20221104,92.11,101.2,91.66,99.2,92.11,7.09,7.6973,104252.27,1018162.804
2022-11-07,600600.SH,20221107,98.67,101.0,97.41,100.01,99.2,0.81,0.8165,67228.38,669298.293
2022-11-08,600600.SH,20221108,99.6,101.81,98.0,99.07,100.01,-0.94,-0.9399,41175.37,408498.033
2022-11-09,600600.SH,20221109,98.53,99.5,96.57,96.8,99.07,-2.27,-2.2913,41392.86,403008.208
2022-11-10,600600.SH,20221110,96.85,99.28,96.18,98.35,96.8,1.55,1.6012,43649.35,427312.555
2022-11-11,600600.SH,20221111,102.0,103.75,99.0,101.34,98.35,2.99,3.0402,80436.77,815301.385
2022-11-14,600600.SH,20221114,101.99,103.49,96.9,97.6,101.34,-3.74,-3.6905,68786.89,680263.223
2022-11-15,600600.SH,20221115,97.82,100.04,97.24,99.22,97.6,1.62,1.6598,38636.17,381897.541
2022-11-16,600600.SH,20221116,99.8,102.48,98.88,101.11,99.22,1.89,1.9049,41488.76,418835.138
2022-11-17,600600.SH,20221117,100.76,101.5,97.88,98.76,101.11,-2.35,-2.3242,46562.58,459539.369
2022-11-18,600600.SH,20221118,98.76,100.26,98.1,98.8,98.76,0.04,0.0405,44032.67,436681.934
2022-11-21,600600.SH,20221121,98.38,98.38,94.0,95.81,98.8,-2.99,-3.0263,52056.18,495912.82
2022-11-22,600600.SH,20221122,95.58,96.96,94.79,96.14,95.81,0.33,0.3444,37054.87,355105.186
2022-11-23,600600.SH,20221123,95.69,95.8,93.21,94.03,96.14,-2.11,-2.1947,55081.39,517076.385
2022-11-24,600600.SH,20221124,93.98,94.97,92.03,94.08,94.03,0.05,0.0532,37386.13,351364.089
2022-11-25,600600.SH,20221125,94.14,94.39,92.67,93.4,94.08,-0.68,-0.7228,30355.62,283848.341
2022-11-28,600600.SH,20221128,91.2,96.0,89.61,95.21,93.4,1.81,1.9379,58147.77,543809.785
2022-11-29,600600.SH,20221129,96.21,101.08,95.85,100.61,95.21,5.4,5.6717,95170.74,946849.754
2022-11-30,600600.SH,20221130,99.58,103.0,99.58,101.3,100.61,0.69,0.6858,61890.96,628297.893
2022-12-01,600600.SH,20221201,104.06,109.0,103.78,104.6,101.3,3.3,3.2577,90436.7,953879.023
2022-12-02,600600.SH,20221202,104.03,105.57,102.2,103.0,104.6,-1.6,-1.5296,47733.53,494085.015
2022-12-05,600600.SH,20221205,103.97,106.0,103.2,104.64,103.0,1.64,1.5922,53036.52,556067.786
2022-12-06,600600.SH,20221206,104.01,112.59,104.01,111.34,104.64,6.7,6.4029,89455.8,987638.736
2022-12-07,600600.SH,20221207,110.57,110.98,107.51,108.65,111.34,-2.69,-2.416,63433.33,690955.077
2022-12-08,600600.SH,20221208,108.65,109.99,105.73,109.19,108.65,0.54,0.497,44430.4,481544.637
2022-12-09,600600.SH,20221209,109.24,111.3,108.28,110.96,109.19,1.77,1.621,54432.09,599338.182
2022-12-12,600600.SH,20221212,108.66,110.66,107.96,108.33,110.96,-2.63,-2.3702,37200.28,404601.696
2022-12-13,600600.SH,20221213,108.8,109.56,107.45,108.4,108.33,0.07,0.0646,39783.6,431960.222
2022-12-14,600600.SH,20221214,109.1,110.02,106.9,108.5,108.4,0.1,0.0923,41701.74,453185.332
2022-12-15,600600.SH,20221215,108.68,109.58,106.0,106.48,108.5,-2.02,-1.8618,41988.61,449284.538
2022-12-16,600600.SH,20221216,105.94,108.3,105.81,108.02,106.48,1.54,1.4463,37251.21,401152.099
2022-12-19,600600.SH,20221219,107.84,108.88,105.55,106.91,108.02,-1.11,-1.0276,24740.92,264493.555
2022-12-20,600600.SH,20221220,105.95,106.8,103.2,103.91,106.91,-3.0,-2.8061,37545.46,391112.128
2022-12-21,600600.SH,20221221,104.97,107.0,104.01,105.45,103.91,1.54,1.4821,30094.56,318420.207
2022-12-22,600600.SH,20221222,105.95,107.69,104.17,106.66,105.45,1.21,1.1475,29371.91,312447.117
2022-12-23,600600.SH,20221223,105.66,109.61,104.5,109.61,106.66,2.95,2.7658,37592.68,407299.278
2022-12-26,600600.SH,20221226,107.9,108.98,106.2,106.38,109.61,-3.23,-2.9468,36566.36,392129.8
2022-12-27,600600.SH,20221227,107.5,111.11,106.65,108.83,106.38,2.45,2.3031,35141.7,382927.477
2022-12-28,600600.SH,20221228,108.63,109.88,107.7,108.76,108.83,-0.07,-0.0643,21624.53,234906.577
2022-12-29,600600.SH,20221229,107.85,108.2,106.39,107.15,108.76,-1.61,-1.4803,31138.75,333815.976
2022-12-30,600600.SH,20221230,108.24,108.49,105.4,107.5,107.15,0.35,0.3266,38565.59,412610.799
2023-01-03,600600.SH,20230103,107.99,107.99,102.99,105.17,107.5,-2.33,-2.1674,49761.61,520888.74
2023-01-04,600600.SH,20230104,105.69,107.31,104.4,105.5,105.17,0.33,0.3138,39743.62,421583.043
2023-01-05,600600.SH,20230105,105.82,108.62,105.0,107.99,105.5,2.49,2.3602,34708.5,374395.934
2023-01-06,600600.SH,20230106,108.0,108.05,104.66,106.3,107.99,-1.69,-1.565,40587.19,430721.503
2023-01-09,600600.SH,20230109,106.7,107.29,105.01,106.37,106.3,0.07,0.0659,48271.85,512084.956
2023-01-10,600600.SH,20230110,106.58,107.5,105.19,106.89,106.37,0.52,0.4889,36189.71,386335.18
2023-01-11,600600.SH,20230111,107.27,107.87,104.39,105.95,106.89,-0.94,-0.8794,42101.09,446185.656
2023-01-12,600600.SH,20230112,105.37,106.53,103.6,103.93,105.95,-2.02,-1.9066,31750.77,332081.966
2023-01-13,600600.SH,20230113,104.72,110.11,104.07,109.22,103.93,5.29,5.09,57157.55,617104.334
2023-01-16,600600.SH,20230116,109.89,112.14,109.01,109.79,109.22,0.57,0.5219,56988.51,628820.236
2023-01-17,600600.SH,20230117,109.22,110.29,107.55,109.33,109.79,-0.46,-0.419,34677.81,377334.382
2023-01-18,600600.SH,20230118,109.22,109.7,105.86,106.16,109.33,-3.17,-2.8995,41072.53,438600.192
2023-01-19,600600.SH,20230119,105.76,106.15,104.5,105.3,106.16,-0.86,-0.8101,30687.08,323094.936
2023-01-20,600600.SH,20230120,105.3,106.28,104.36,105.16,105.3,-0.14,-0.133,29232.25,308015.329
2023-01-30,600600.SH,20230130,105.9,106.62,103.8,104.28,105.16,-0.88,-0.8368,56848.24,596103.023
2023-01-31,600600.SH,20230131,104.67,104.67,101.0,101.04,104.28,-3.24,-3.107,48147.18,491688.465
2023-02-01,600600.SH,20230201,101.04,104.5,101.04,103.99,101.04,2.95,2.9196,50648.69,522717.614
2023-02-02,600600.SH,20230202,104.0,105.89,103.6,105.18,103.99,1.19,1.1443,42812.47,449710.13
2023-02-03,600600.SH,20230203,104.58,105.28,102.02,104.09,105.18,-1.09,-1.0363,32291.74,334778.308
2023-02-06,600600.SH,20230206,102.85,103.71,101.85,101.93,104.09,-2.16,-2.0751,42895.62,440391.901
2023-02-07,600600.SH,20230207,102.5,103.5,101.68,102.21,101.93,0.28,0.2747,25783.96,264339.506
2023-02-08,600600.SH,20230208,102.72,103.14,100.08,100.73,102.21,-1.48,-1.448,34248.92,345988.464
2023-02-09,600600.SH,20230209,100.77,103.43,100.77,101.82,100.73,1.09,1.0821,46409.46,473242.978
2023-02-10,600600.SH,20230210,101.9,102.86,100.85,102.28,101.82,0.46,0.4518,33848.94,344707.001
2023-02-13,600600.SH,20230213,101.8,106.86,101.33,104.6,102.28,2.32,2.2683,90548.55,947705.617
2023-02-14,600600.SH,20230214,104.59,106.46,103.67,105.44,104.6,0.84,0.8031,38180.35,401527.935
2023-02-15,600600.SH,20230215,105.44,108.6,105.04,105.78,105.44,0.34,0.3225,52349.99,559581.714
2023-02-16,600600.SH,20230216,106.0,110.94,105.3,108.55,105.78,2.77,2.6186,84288.58,915659.404
2023-02-17,600600.SH,20230217,107.68,109.5,106.8,107.23,108.55,-1.32,-1.216,36942.63,399387.591
2023-02-20,600600.SH,20230220,106.41,108.49,105.0,107.7,107.23,0.47,0.4383,45881.65,490577.346
2023-02-21,600600.SH,20230221,108.0,108.4,105.55,106.55,107.7,-1.15,-1.0678,36758.15,390450.153
2023-02-22,600600.SH,20230222,106.3,107.9,105.35,106.73,106.55,0.18,0.1689,30170.32,322125.147
2023-02-23,600600.SH,20230223,106.81,107.6,104.86,105.68,106.73,-1.05,-0.9838,30788.85,325795.821
2023-02-24,600600.SH,20230224,105.03,105.18,102.5,103.31,105.68,-2.37,-2.2426,43229.22,447052.786
2023-02-27,600600.SH,20230227,103.41,108.9,102.0,108.19,103.31,4.88,4.7236,76474.92,812045.253
2023-02-28,600600.SH,20230228,107.87,112.22,106.78,111.48,108.19,3.29,3.0409,99022.12,1097303.235
2023-03-01,600600.SH,20230301,113.14,113.65,110.13,112.3,111.48,0.82,0.7356,70788.52,794417.114
2023-03-02,600600.SH,20230302,112.84,114.44,112.03,112.88,112.3,0.58,0.5165,50633.26,572851.59
2023-03-03,600600.SH,20230303,113.0,115.48,112.0,113.2,112.88,0.32,0.2835,48904.01,556286.147
2023-03-06,600600.SH,20230306,113.79,115.0,111.6,114.09,113.2,0.89,0.7862,42904.47,486874.808
2023-03-07,600600.SH,20230307,114.0,116.68,113.8,114.9,114.09,0.81,0.71,70646.9,815315.802
2023-03-08,600600.SH,20230308,114.19,114.59,111.98,113.7,114.9,-1.2,-1.0444,38968.25,441288.6
2023-03-09,600600.SH,20230309,113.7,114.53,110.6,112.0,113.7,-1.7,-1.4952,54767.46,613982.587
2023-03-10,600600.SH,20230310,111.45,112.5,110.18,110.52,112.0,-1.48,-1.3214,31278.79,347016.044
2023-03-13,600600.SH,20230313,110.76,114.2,110.01,113.43,110.52,2.91,2.633,40070.15,452356.571
2023-03-14,600600.SH,20230314,113.8,114.95,113.1,113.44,113.43,0.01,0.0088,41139.0,468981.982
2023-03-15,600600.SH,20230315,114.13,114.57,111.88,112.42,113.44,-1.02,-0.8992,46143.9,520827.532
2023-03-16,600600.SH,20230316,112.1,112.65,110.14,110.96,112.42,-1.46,-1.2987,34668.55,385348.573
2023-03-17,600600.SH,20230317,111.59,111.8,108.1,108.29,110.96,-2.67,-2.4063,36911.63,404073.417
2023-03-20,600600.SH,20230320,108.79,108.8,104.5,106.0,108.29,-2.29,-2.1147,59927.17,635830.961
2023-03-21,600600.SH,20230321,106.73,108.67,106.07,107.48,106.0,1.48,1.3962,47638.17,511647.249
2023-03-22,600600.SH,20230322,107.72,111.26,107.46,108.69,107.48,1.21,1.1258,38484.87,420608.971
2023-03-23,600600.SH,20230323,110.98,111.3,106.72,110.02,108.69,1.33,1.2237,56165.47,615499.584
2023-03-24,600600.SH,20230324,111.11,113.7,109.4,112.31,110.02,2.29,2.0814,63081.13,708764.794
2023-03-27,600600.SH,20230327,112.31,112.82,109.63,110.81,112.31,-1.5,-1.3356,32042.25,355110.865
2023-03-28,600600.SH,20230328,111.34,112.88,110.76,112.69,110.81,1.88,1.6966,45414.11,508542.43
2023-03-29,600600.SH,20230329,112.98,116.55,112.01,115.99,112.69,3.3,2.9284,59520.91,684695.582
2023-03-30,600600.SH,20230330,115.29,120.68,115.11,119.8,115.99,3.81,3.2848,72960.42,869646.978
2023-03-31,600600.SH,20230331,120.08,122.44,119.51,120.6,119.8,0.8,0.6678,58535.29,706095.418
2023-04-03,600600.SH,20230403,119.98,120.25,117.65,118.79,120.6,-1.81,-1.5008,56298.69,668456.519
2023-04-04,600600.SH,20230404,118.78,123.18,118.18,122.03,118.79,3.24,2.7275,66277.59,801336.799
2023-04-06,600600.SH,20230406,122.02,123.0,120.3,122.05,122.03,0.02,0.0164,30904.76,376015.227
2023-04-07,600600.SH,20230407,122.05,124.59,120.76,122.1,122.05,0.05,0.041,32746.7,402736.419
2023-04-10,600600.SH,20230410,121.5,125.65,118.55,124.33,122.1,2.23,1.8264,46055.97,565401.413
2023-04-11,600600.SH,20230411,122.26,123.03,118.72,119.89,124.33,-4.44,-3.5711,59634.52,716267.265
2023-04-12,600600.SH,20230412,119.96,120.5,115.13,115.87,119.89,-4.02,-3.3531,67234.78,785020.839
2023-04-13,600600.SH,20230413,115.99,118.6,115.88,117.35,115.87,1.48,1.2773,45371.25,531549.498
2023-04-14,600600.SH,20230414,118.01,119.8,115.15,115.88,117.35,-1.47,-1.2527,41658.52,486803.565
2023-04-17,600600.SH,20230417,116.3,118.45,115.78,116.45,115.88,0.57,0.4919,36877.77,430760.192
2023-04-18,600600.SH,20230418,117.0,118.3,115.78,117.68,116.45,1.23,1.0562,39822.72,467230.639
2023-04-19,600600.SH,20230419,117.9,117.9,115.9,116.6,117.68,-1.08,-0.9177,33089.94,386109.239
2023-04-20,600600.SH,20230420,116.6,117.45,112.93,114.03,116.6,-2.57,-2.2041,72707.86,831811.35
2023-04-21,600600.SH,20230421,114.77,116.32,113.56,114.35,114.03,0.32,0.2806,39920.18,459244.169
2023-04-24,600600.SH,20230424,113.9,114.5,112.1,113.5,114.35,-0.85,-0.7433,45259.62,512210.852
2023-04-25,600600.SH,20230425,116.19,118.27,114.68,117.04,113.5,3.54,3.1189,89206.22,1039992.461
2023-04-26,600600.SH,20230426,116.39,119.62,114.11,118.94,117.04,1.9,1.6234,67918.36,795989.862
2023-04-27,600600.SH,20230427,118.0,118.0,114.4,116.61,118.94,-2.33,-1.959,57691.95,670867.109
2023-04-28,600600.SH,20230428,116.6,117.09,115.11,116.8,116.61,0.19,0.1629,51919.06,602701.663
2023-05-04,600600.SH,20230504,116.8,117.63,111.0,111.76,116.8,-5.04,-4.3151,90808.08,1030146.755
2023-05-05,600600.SH,20230505,111.1,112.79,108.69,112.15,111.76,0.39,0.349,62782.65,696312.525
2023-05-08,600600.SH,20230508,111.6,112.15,107.38,108.12,112.15,-4.03,-3.5934,84795.28,920781.695
2023-05-09,600600.SH,20230509,108.13,109.2,106.05,107.29,108.12,-0.83,-0.7677,55879.49,601701.152
2023-05-10,600600.SH,20230510,107.08,107.48,104.59,105.78,107.29,-1.51,-1.4074,45713.61,483590.096
2023-05-11,600600.SH,20230511,105.76,106.37,104.3,104.94,105.78,-0.84,-0.7941,33334.64,350224.361
2023-05-12,600600.SH,20230512,104.99,105.8,103.09,103.66,104.94,-1.28,-1.2197,45851.07,476109.691
2023-05-15,600600.SH,20230515,103.84,106.85,102.5,106.59,103.66,2.93,2.8265,69125.15,726712.513
2023-05-16,600600.SH,20230516,106.0,107.5,104.45,105.22,106.59,-1.37,-1.2853,60181.63,636481.866
2023-05-17,600600.SH,20230517,105.0,105.0,101.61,103.05,105.22,-2.17,-2.0623,65206.5,670953.507
2023-05-18,600600.SH,20230518,103.0,103.79,102.3,103.7,103.05,0.65,0.6308,39146.34,404616.895
2023-05-19,600600.SH,20230519,103.4,109.8,102.29,107.44,103.7,3.74,3.6066,77587.88,830281.263
2023-05-22,600600.SH,20230522,106.46,109.44,105.03,107.8,107.44,0.36,0.3351,68460.34,737714.381
2023-05-23,600600.SH,20230523,107.36,107.78,104.74,105.19,107.8,-2.61,-2.4212,47082.09,497775.133
2023-05-24,600600.SH,20230524,104.43,104.5,102.12,102.16,105.19,-3.03,-2.8805,53155.0,547252.692
2023-05-25,600600.SH,20230525,101.6,102.55,100.25,101.2,102.16,-0.96,-0.9397,56961.56,576264.908
2023-05-26,600600.SH,20230526,100.89,101.71,99.29,99.83,101.2,-1.37,-1.3538,45099.19,451503.646
2023-05-29,600600.SH,20230529,99.84,100.29,98.18,99.75,99.83,-0.08,-0.0801,61213.21,606617.822
2023-05-30,600600.SH,20230530,99.21,99.4,95.77,96.95,99.75,-2.8,-2.807,88456.39,857113.22
2023-05-31,600600.SH,20230531,97.65,97.9,94.8,95.21,96.95,-1.74,-1.7947,48440.9,463049.856
2023-06-01,600600.SH,20230601,95.56,97.47,94.99,96.01,95.21,0.8,0.8402,61423.03,590813.307
2023-06-02,600600.SH,20230602,96.03,99.98,96.03,98.99,96.01,2.98,3.1038,85636.9,841642.639
2023-06-05,600600.SH,20230605,98.9,99.71,97.58,99.06,98.99,0.07,0.0707,47416.32,467991.804
2023-06-06,600600.SH,20230606,98.5,101.0,98.2,99.5,99.06,0.44,0.4442,51703.81,515779.44
2023-06-07,600600.SH,20230607,99.5,100.39,97.67,98.0,99.5,-1.5,-1.5075,48631.22,478883.763
2023-06-08,600600.SH,20230608,97.57,99.0,96.8,97.84,98.0,-0.16,-0.1633,37268.71,364191.649
2023-06-09,600600.SH,20230609,98.13,99.1,97.38,98.82,97.84,0.98,1.0016,37477.5,368533.944
2023-06-12,600600.SH,20230612,98.82,104.0,98.68,103.36,98.82,4.54,4.5942,101624.88,1033759.669
2023-06-13,600600.SH,20230613,102.7,104.02,101.05,102.75,103.36,-0.61,-0.5902,50488.64,517690.767
2023-06-14,600600.SH,20230614,103.19,104.71,102.8,102.98,102.75,0.23,0.2238,65319.21,676937.304
2023-06-15,600600.SH,20230615,103.2,105.33,101.57,104.96,102.98,1.98,1.9227,90517.18,936612.349
2023-06-16,600600.SH,20230616,105.5,106.38,104.57,105.92,104.96,0.96,0.9146,56576.7,597575.883
2023-06-19,600600.SH,20230619,105.66,106.38,103.1,104.08,105.92,-1.84,-1.7372,68152.46,710205.663
2023-06-20,600600.SH,20230620,103.51,104.9,102.5,104.04,104.08,-0.04,-0.0384,43712.02,453834.925
2023-06-21,600600.SH,20230621,102.85,104.0,102.3,102.69,104.04,-1.35,-1.2976,36920.45,380196.332
2023-06-26,600600.SH,20230626,102.02,102.93,100.51,102.3,102.69,-0.39,-0.3798,37913.88,385998.579
